,skew
MiscVal,24.46008498094565
PoolArea,15.948945313085376
LotArea,12.573925391549514
3SsnPorch,10.297106387622124
LowQualFinSF,9.00495502120769
KitchenAbvGr,4.484882949609494
BsmtFinSF2,4.251925297420032
ScreenPorch,4.11892872884064
BsmtHalfBath,4.1001141218137755
EnclosedPorch,3.087163933908421
MasVnrArea,2.6877840195436478
OpenPorchSF,2.3398286632283742
WoodDeckSF,1.5458051688700118
LotFrontage,1.5430431199713504
MSSubClass,1.4070113556895498
GrLivArea,1.0109917025385513
BsmtUnfSF,0.9209029282647685
1stFlrSF,0.887636603215269
2ndFlrSF,0.8129574992560771
BsmtFinSF1,0.7647894513451676
OverallCond,0.69103513416716
HalfBath,0.6800509463901657
TotRmsAbvGrd,0.6605017808729501
Fireplaces,0.6320595719289566
BsmtFullBath,0.590358469046983
TotalBsmtSF,0.5117033418828824
MoSold,0.2154322990719134
BedroomAbvGr,0.21232517758163877
OverallQual,0.20078597415834376
GarageArea,0.13174798037584048
YrSold,0.0954199125835638
FullBath,0.03127081625192693
GarageCars,-0.3423769996025224
YearRemodAdd,-0.5018380828420179
YearBuilt,-0.6122946245971633
GarageYrBlt,-0.6481367521644216
